{"Version":1,"ManifestType":"Publish","Endpoints":[{"Route":"img/auth.7695s0xlv2.webp","AssetFile":"img/auth.webp","Selectors":[],"ResponseHeaders":[{"Name":"Accept-Ranges","Value":"bytes"},{"Name":"Cache-Control","Value":"max-age=31536000, immutable"},{"Name":"Content-Length","Value":"1184"},{"Name":"Content-Type","Value":"image/webp"},{"Name":"ETag","Value":"\"r6mE99WB0k0vdpsBUGhTsIC9L7PqqBUYOTo0ah2NB6w=\""},{"Name":"Last-Modified","Value":"Tue, 01 Jul 2025 09:16:16 GMT"}],"EndpointProperties":[{"Name":"fingerprint","Value":"7695s0xlv2"},{"Name":"integrity","Value":"sha256-r6mE99WB0k0vdpsBUGhTsIC9L7PqqBUYOTo0ah2NB6w="},{"Name":"label","Value":"img/auth.webp"}]},{"Route":"img/auth.webp","AssetFile":"img/auth.webp","Selectors":[],"ResponseHeaders":[{"Name":"Accept-Ranges","Value":"bytes"},{"Name":"Cache-Control","Value":"no-cache"},{"Name":"Content-Length","Value":"1184"},{"Name":"Content-Type","Value":"image/webp"},{"Name":"ETag","Value":"\"r6mE99WB0k0vdpsBUGhTsIC9L7PqqBUYOTo0ah2NB6w=\""},{"Name":"Last-Modified","Value":"Tue, 01 Jul 2025 09:16:16 GMT"}],"EndpointProperties":[{"Name":"integrity","Value":"sha256-r6mE99WB0k0vdpsBUGhTsIC9L7PqqBUYOTo0ah2NB6w="}]},{"Route":"img/blog.webp","AssetFile":"img/blog.webp","Selectors":[],"ResponseHeaders":[{"Name":"Accept-Ranges","Value":"bytes"},{"Name":"Cache-Control","Value":"no-cache"},{"Name":"Content-Length","Value":"5250"},{"Name":"Content-Type","Value":"image/webp"},{"Name":"ETag","Value":"\"ed6tMhxgXZR04ULGkfp41m5zrwBxsPwQjhyK5TZUOek=\""},{"Name":"Last-Modified","Value":"Tue, 01 Jul 2025 09:47:13 GMT"}],"EndpointProperties":[{"Name":"integrity","Value":"sha256-ed6tMhxgXZR04ULGkfp41m5zrwBxsPwQjhyK5TZUOek="}]},{"Route":"img/blog.xum7zbm4a9.webp","AssetFile":"img/blog.webp","Selectors":[],"ResponseHeaders":[{"Name":"Accept-Ranges","Value":"bytes"},{"Name":"Cache-Control","Value":"max-age=31536000, immutable"},{"Name":"Content-Length","Value":"5250"},{"Name":"Content-Type","Value":"image/webp"},{"Name":"ETag","Value":"\"ed6tMhxgXZR04ULGkfp41m5zrwBxsPwQjhyK5TZUOek=\""},{"Name":"Last-Modified","Value":"Tue, 01 Jul 2025 09:47:13 GMT"}],"EndpointProperties":[{"Name":"fingerprint","Value":"xum7zbm4a9"},{"Name":"integrity","Value":"sha256-ed6tMhxgXZR04ULGkfp41m5zrwBxsPwQjhyK5TZUOek="},{"Name":"label","Value":"img/blog.webp"}]},{"Route":"img/last-post.7b3rndx1bg.webp","AssetFile":"img/last-post.webp","Selectors":[],"ResponseHeaders":[{"Name":"Accept-Ranges","Value":"bytes"},{"Name":"Cache-Control","Value":"max-age=31536000, immutable"},{"Name":"Content-Length","Value":"1154"},{"Name":"Content-Type","Value":"image/webp"},{"Name":"ETag","Value":"\"g2SlyARpYioIGmDfDG7nTEVpW1G2hGz0lnj5dGfjUdM=\""},{"Name":"Last-Modified","Value":"Tue, 01 Jul 2025 21:15:58 GMT"}],"EndpointProperties":[{"Name":"fingerprint","Value":"7b3rndx1bg"},{"Name":"integrity","Value":"sha256-g2SlyARpYioIGmDfDG7nTEVpW1G2hGz0lnj5dGfjUdM="},{"Name":"label","Value":"img/last-post.webp"}]},{"Route":"img/last-post.webp","AssetFile":"img/last-post.webp","Selectors":[],"ResponseHeaders":[{"Name":"Accept-Ranges","Value":"bytes"},{"Name":"Cache-Control","Value":"no-cache"},{"Name":"Content-Length","Value":"1154"},{"Name":"Content-Type","Value":"image/webp"},{"Name":"ETag","Value":"\"g2SlyARpYioIGmDfDG7nTEVpW1G2hGz0lnj5dGfjUdM=\""},{"Name":"Last-Modified","Value":"Tue, 01 Jul 2025 21:15:58 GMT"}],"EndpointProperties":[{"Name":"integrity","Value":"sha256-g2SlyARpYioIGmDfDG7nTEVpW1G2hGz0lnj5dGfjUdM="}]},{"Route":"index.1stujljdiq.html","AssetFile":"index.html.br","Selectors":[{"Name":"Content-Encoding","Value":"br","Quality":"0.000728332119"}],"ResponseHeaders":[{"Name":"Accept-Ranges","Value":"bytes"},{"Name":"Cache-Control","Value":"max-age=31536000, immutable"},{"Name":"Content-Encoding","Value":"br"},{"Name":"Content-Length","Value":"1372"},{"Name":"Content-Type","Value":"text/html"},{"Name":"ETag","Value":"\"hFHjRYuzv00CQPRGdeS+LPyWvif/hBovpVbPmKYg7Ic=\""},{"Name":"ETag","Value":"W/\"QckdCcvHd/gUXR8QCYcD+8QKZf2pOOATr6tjvrDe/LA=\""},{"Name":"Last-Modified","Value":"Wed, 02 Jul 2025 11:06:51 GMT"},{"Name":"Vary","Value":"Content-Encoding"}],"EndpointProperties":[{"Name":"fingerprint","Value":"1stujljdiq"},{"Name":"integrity","Value":"sha256-QckdCcvHd/gUXR8QCYcD+8QKZf2pOOATr6tjvrDe/LA="},{"Name":"label","Value":"index.html"}]},{"Route":"index.1stujljdiq.html","AssetFile":"index.html.gz","Selectors":[{"Name":"Content-Encoding","Value":"gzip","Quality":"0.000503778338"}],"ResponseHeaders":[{"Name":"Accept-Ranges","Value":"bytes"},{"Name":"Cache-Control","Value":"max-age=31536000, immutable"},{"Name":"Content-Encoding","Value":"gzip"},{"Name":"Content-Length","Value":"1984"},{"Name":"Content-Type","Value":"text/html"},{"Name":"ETag","Value":"\"MyRVBiSs0tQFururmM1bWECqg4zU1dnnTyvToZmzJo8=\""},{"Name":"ETag","Value":"W/\"QckdCcvHd/gUXR8QCYcD+8QKZf2pOOATr6tjvrDe/LA=\""},{"Name":"Last-Modified","Value":"Wed, 02 Jul 2025 11:06:50 GMT"},{"Name":"Vary","Value":"Content-Encoding"}],"EndpointProperties":[{"Name":"fingerprint","Value":"1stujljdiq"},{"Name":"integrity","Value":"sha256-QckdCcvHd/gUXR8QCYcD+8QKZf2pOOATr6tjvrDe/LA="},{"Name":"label","Value":"index.html"}]},{"Route":"index.1stujljdiq.html","AssetFile":"index.html","Selectors":[],"ResponseHeaders":[{"Name":"Accept-Ranges","Value":"bytes"},{"Name":"Cache-Control","Value":"max-age=31536000, immutable"},{"Name":"Content-Length","Value":"16076"},{"Name":"Content-Type","Value":"text/html"},{"Name":"ETag","Value":"\"QckdCcvHd/gUXR8QCYcD+8QKZf2pOOATr6tjvrDe/LA=\""},{"Name":"Last-Modified","Value":"Wed, 02 Jul 2025 11:06:27 GMT"}],"EndpointProperties":[{"Name":"fingerprint","Value":"1stujljdiq"},{"Name":"integrity","Value":"sha256-QckdCcvHd/gUXR8QCYcD+8QKZf2pOOATr6tjvrDe/LA="},{"Name":"label","Value":"index.html"}]},{"Route":"index.1stujljdiq.html.br","AssetFile":"index.html.br","Selectors":[],"ResponseHeaders":[{"Name":"Accept-Ranges","Value":"bytes"},{"Name":"Cache-Control","Value":"max-age=31536000, immutable"},{"Name":"Content-Encoding","Value":"br"},{"Name":"Content-Length","Value":"1372"},{"Name":"Content-Type","Value":"text/html"},{"Name":"ETag","Value":"\"hFHjRYuzv00CQPRGdeS+LPyWvif/hBovpVbPmKYg7Ic=\""},{"Name":"Last-Modified","Value":"Wed, 02 Jul 2025 11:06:51 GMT"},{"Name":"Vary","Value":"Content-Encoding"}],"EndpointProperties":[{"Name":"fingerprint","Value":"1stujljdiq"},{"Name":"integrity","Value":"sha256-hFHjRYuzv00CQPRGdeS+LPyWvif/hBovpVbPmKYg7Ic="},{"Name":"label","Value":"index.html.br"}]},{"Route":"index.1stujljdiq.html.gz","AssetFile":"index.html.gz","Selectors":[],"ResponseHeaders":[{"Name":"Accept-Ranges","Value":"bytes"},{"Name":"Cache-Control","Value":"max-age=31536000, immutable"},{"Name":"Content-Encoding","Value":"gzip"},{"Name":"Content-Length","Value":"1984"},{"Name":"Content-Type","Value":"text/html"},{"Name":"ETag","Value":"\"MyRVBiSs0tQFururmM1bWECqg4zU1dnnTyvToZmzJo8=\""},{"Name":"Last-Modified","Value":"Wed, 02 Jul 2025 11:06:50 GMT"},{"Name":"Vary","Value":"Content-Encoding"}],"EndpointProperties":[{"Name":"fingerprint","Value":"1stujljdiq"},{"Name":"integrity","Value":"sha256-MyRVBiSs0tQFururmM1bWECqg4zU1dnnTyvToZmzJo8="},{"Name":"label","Value":"index.html.gz"}]},{"Route":"index.html","AssetFile":"index.html.br","Selectors":[{"Name":"Content-Encoding","Value":"br","Quality":"0.000728332119"}],"ResponseHeaders":[{"Name":"Accept-Ranges","Value":"bytes"},{"Name":"Cache-Control","Value":"no-cache"},{"Name":"Content-Encoding","Value":"br"},{"Name":"Content-Length","Value":"1372"},{"Name":"Content-Type","Value":"text/html"},{"Name":"ETag","Value":"\"hFHjRYuzv00CQPRGdeS+LPyWvif/hBovpVbPmKYg7Ic=\""},{"Name":"ETag","Value":"W/\"QckdCcvHd/gUXR8QCYcD+8QKZf2pOOATr6tjvrDe/LA=\""},{"Name":"Last-Modified","Value":"Wed, 02 Jul 2025 11:06:51 GMT"},{"Name":"Vary","Value":"Content-Encoding"}],"EndpointProperties":[{"Name":"integrity","Value":"sha256-QckdCcvHd/gUXR8QCYcD+8QKZf2pOOATr6tjvrDe/LA="}]},{"Route":"index.html","AssetFile":"index.html.gz","Selectors":[{"Name":"Content-Encoding","Value":"gzip","Quality":"0.000503778338"}],"ResponseHeaders":[{"Name":"Accept-Ranges","Value":"bytes"},{"Name":"Cache-Control","Value":"no-cache"},{"Name":"Content-Encoding","Value":"gzip"},{"Name":"Content-Length","Value":"1984"},{"Name":"Content-Type","Value":"text/html"},{"Name":"ETag","Value":"\"MyRVBiSs0tQFururmM1bWECqg4zU1dnnTyvToZmzJo8=\""},{"Name":"ETag","Value":"W/\"QckdCcvHd/gUXR8QCYcD+8QKZf2pOOATr6tjvrDe/LA=\""},{"Name":"Last-Modified","Value":"Wed, 02 Jul 2025 11:06:50 GMT"},{"Name":"Vary","Value":"Content-Encoding"}],"EndpointProperties":[{"Name":"integrity","Value":"sha256-QckdCcvHd/gUXR8QCYcD+8QKZf2pOOATr6tjvrDe/LA="}]},{"Route":"index.html","AssetFile":"index.html","Selectors":[],"ResponseHeaders":[{"Name":"Accept-Ranges","Value":"bytes"},{"Name":"Cache-Control","Value":"no-cache"},{"Name":"Content-Length","Value":"16076"},{"Name":"Content-Type","Value":"text/html"},{"Name":"ETag","Value":"\"QckdCcvHd/gUXR8QCYcD+8QKZf2pOOATr6tjvrDe/LA=\""},{"Name":"Last-Modified","Value":"Wed, 02 Jul 2025 11:06:27 GMT"}],"EndpointProperties":[{"Name":"integrity","Value":"sha256-QckdCcvHd/gUXR8QCYcD+8QKZf2pOOATr6tjvrDe/LA="}]},{"Route":"index.html.br","AssetFile":"index.html.br","Selectors":[],"ResponseHeaders":[{"Name":"Accept-Ranges","Value":"bytes"},{"Name":"Cache-Control","Value":"no-cache"},{"Name":"Content-Encoding","Value":"br"},{"Name":"Content-Length","Value":"1372"},{"Name":"Content-Type","Value":"text/html"},{"Name":"ETag","Value":"\"hFHjRYuzv00CQPRGdeS+LPyWvif/hBovpVbPmKYg7Ic=\""},{"Name":"Last-Modified","Value":"Wed, 02 Jul 2025 11:06:51 GMT"},{"Name":"Vary","Value":"Content-Encoding"}],"EndpointProperties":[{"Name":"integrity","Value":"sha256-hFHjRYuzv00CQPRGdeS+LPyWvif/hBovpVbPmKYg7Ic="}]},{"Route":"index.html.gz","AssetFile":"index.html.gz","Selectors":[],"ResponseHeaders":[{"Name":"Accept-Ranges","Value":"bytes"},{"Name":"Cache-Control","Value":"no-cache"},{"Name":"Content-Encoding","Value":"gzip"},{"Name":"Content-Length","Value":"1984"},{"Name":"Content-Type","Value":"text/html"},{"Name":"ETag","Value":"\"MyRVBiSs0tQFururmM1bWECqg4zU1dnnTyvToZmzJo8=\""},{"Name":"Last-Modified","Value":"Wed, 02 Jul 2025 11:06:50 GMT"},{"Name":"Vary","Value":"Content-Encoding"}],"EndpointProperties":[{"Name":"integrity","Value":"sha256-MyRVBiSs0tQFururmM1bWECqg4zU1dnnTyvToZmzJo8="}]},{"Route":"style.css","AssetFile":"style.css.gz","Selectors":[{"Name":"Content-Encoding","Value":"gzip","Quality":"0.001152073733"}],"ResponseHeaders":[{"Name":"Accept-Ranges","Value":"bytes"},{"Name":"Cache-Control","Value":"no-cache"},{"Name":"Content-Encoding","Value":"gzip"},{"Name":"Content-Length","Value":"867"},{"Name":"Content-Type","Value":"text/css"},{"Name":"ETag","Value":"\"/2mmvlCEHfZ4VdcrHmhmfWKK9yb0NbcHlr6ApND5KH0=\""},{"Name":"ETag","Value":"W/\"Ah46Sfo6KZe2pa+6FFD0vgbcJL6C/95aKlHKaIw5we4=\""},{"Name":"Last-Modified","Value":"Wed, 02 Jul 2025 09:40:10 GMT"},{"Name":"Vary","Value":"Content-Encoding"}],"EndpointProperties":[{"Name":"integrity","Value":"sha256-Ah46Sfo6KZe2pa+6FFD0vgbcJL6C/95aKlHKaIw5we4="}]},{"Route":"style.css","AssetFile":"style.css.br","Selectors":[{"Name":"Content-Encoding","Value":"br","Quality":"0.001459854015"}],"ResponseHeaders":[{"Name":"Accept-Ranges","Value":"bytes"},{"Name":"Cache-Control","Value":"no-cache"},{"Name":"Content-Encoding","Value":"br"},{"Name":"Content-Length","Value":"684"},{"Name":"Content-Type","Value":"text/css"},{"Name":"ETag","Value":"\"qFvbYLLwtuRN+BLXiG2tHt02a9bu7Dm+8jF1qEgV2Qg=\""},{"Name":"ETag","Value":"W/\"Ah46Sfo6KZe2pa+6FFD0vgbcJL6C/95aKlHKaIw5we4=\""},{"Name":"Last-Modified","Value":"Wed, 02 Jul 2025 09:40:12 GMT"},{"Name":"Vary","Value":"Content-Encoding"}],"EndpointProperties":[{"Name":"integrity","Value":"sha256-Ah46Sfo6KZe2pa+6FFD0vgbcJL6C/95aKlHKaIw5we4="}]},{"Route":"style.css","AssetFile":"style.css","Selectors":[],"ResponseHeaders":[{"Name":"Accept-Ranges","Value":"bytes"},{"Name":"Cache-Control","Value":"no-cache"},{"Name":"Content-Length","Value":"2672"},{"Name":"Content-Type","Value":"text/css"},{"Name":"ETag","Value":"\"Ah46Sfo6KZe2pa+6FFD0vgbcJL6C/95aKlHKaIw5we4=\""},{"Name":"Last-Modified","Value":"Tue, 01 Jul 2025 16:54:14 GMT"}],"EndpointProperties":[{"Name":"integrity","Value":"sha256-Ah46Sfo6KZe2pa+6FFD0vgbcJL6C/95aKlHKaIw5we4="}]},{"Route":"style.css.br","AssetFile":"style.css.br","Selectors":[],"ResponseHeaders":[{"Name":"Accept-Ranges","Value":"bytes"},{"Name":"Cache-Control","Value":"no-cache"},{"Name":"Content-Encoding","Value":"br"},{"Name":"Content-Length","Value":"684"},{"Name":"Content-Type","Value":"text/css"},{"Name":"ETag","Value":"\"qFvbYLLwtuRN+BLXiG2tHt02a9bu7Dm+8jF1qEgV2Qg=\""},{"Name":"Last-Modified","Value":"Wed, 02 Jul 2025 09:40:12 GMT"},{"Name":"Vary","Value":"Content-Encoding"}],"EndpointProperties":[{"Name":"integrity","Value":"sha256-qFvbYLLwtuRN+BLXiG2tHt02a9bu7Dm+8jF1qEgV2Qg="}]},{"Route":"style.css.gz","AssetFile":"style.css.gz","Selectors":[],"ResponseHeaders":[{"Name":"Accept-Ranges","Value":"bytes"},{"Name":"Cache-Control","Value":"no-cache"},{"Name":"Content-Encoding","Value":"gzip"},{"Name":"Content-Length","Value":"867"},{"Name":"Content-Type","Value":"text/css"},{"Name":"ETag","Value":"\"/2mmvlCEHfZ4VdcrHmhmfWKK9yb0NbcHlr6ApND5KH0=\""},{"Name":"Last-Modified","Value":"Wed, 02 Jul 2025 09:40:10 GMT"},{"Name":"Vary","Value":"Content-Encoding"}],"EndpointProperties":[{"Name":"integrity","Value":"sha256-/2mmvlCEHfZ4VdcrHmhmfWKK9yb0NbcHlr6ApND5KH0="}]},{"Route":"style.qtpdifzc5o.css","AssetFile":"style.css.gz","Selectors":[{"Name":"Content-Encoding","Value":"gzip","Quality":"0.001152073733"}],"ResponseHeaders":[{"Name":"Accept-Ranges","Value":"bytes"},{"Name":"Cache-Control","Value":"max-age=31536000, immutable"},{"Name":"Content-Encoding","Value":"gzip"},{"Name":"Content-Length","Value":"867"},{"Name":"Content-Type","Value":"text/css"},{"Name":"ETag","Value":"\"/2mmvlCEHfZ4VdcrHmhmfWKK9yb0NbcHlr6ApND5KH0=\""},{"Name":"ETag","Value":"W/\"Ah46Sfo6KZe2pa+6FFD0vgbcJL6C/95aKlHKaIw5we4=\""},{"Name":"Last-Modified","Value":"Wed, 02 Jul 2025 09:40:10 GMT"},{"Name":"Vary","Value":"Content-Encoding"}],"EndpointProperties":[{"Name":"fingerprint","Value":"qtpdifzc5o"},{"Name":"integrity","Value":"sha256-Ah46Sfo6KZe2pa+6FFD0vgbcJL6C/95aKlHKaIw5we4="},{"Name":"label","Value":"style.css"}]},{"Route":"style.qtpdifzc5o.css","AssetFile":"style.css.br","Selectors":[{"Name":"Content-Encoding","Value":"br","Quality":"0.001459854015"}],"ResponseHeaders":[{"Name":"Accept-Ranges","Value":"bytes"},{"Name":"Cache-Control","Value":"max-age=31536000, immutable"},{"Name":"Content-Encoding","Value":"br"},{"Name":"Content-Length","Value":"684"},{"Name":"Content-Type","Value":"text/css"},{"Name":"ETag","Value":"\"qFvbYLLwtuRN+BLXiG2tHt02a9bu7Dm+8jF1qEgV2Qg=\""},{"Name":"ETag","Value":"W/\"Ah46Sfo6KZe2pa+6FFD0vgbcJL6C/95aKlHKaIw5we4=\""},{"Name":"Last-Modified","Value":"Wed, 02 Jul 2025 09:40:12 GMT"},{"Name":"Vary","Value":"Content-Encoding"}],"EndpointProperties":[{"Name":"fingerprint","Value":"qtpdifzc5o"},{"Name":"integrity","Value":"sha256-Ah46Sfo6KZe2pa+6FFD0vgbcJL6C/95aKlHKaIw5we4="},{"Name":"label","Value":"style.css"}]},{"Route":"style.qtpdifzc5o.css","AssetFile":"style.css","Selectors":[],"ResponseHeaders":[{"Name":"Accept-Ranges","Value":"bytes"},{"Name":"Cache-Control","Value":"max-age=31536000, immutable"},{"Name":"Content-Length","Value":"2672"},{"Name":"Content-Type","Value":"text/css"},{"Name":"ETag","Value":"\"Ah46Sfo6KZe2pa+6FFD0vgbcJL6C/95aKlHKaIw5we4=\""},{"Name":"Last-Modified","Value":"Tue, 01 Jul 2025 16:54:14 GMT"}],"EndpointProperties":[{"Name":"fingerprint","Value":"qtpdifzc5o"},{"Name":"integrity","Value":"sha256-Ah46Sfo6KZe2pa+6FFD0vgbcJL6C/95aKlHKaIw5we4="},{"Name":"label","Value":"style.css"}]},{"Route":"style.qtpdifzc5o.css.br","AssetFile":"style.css.br","Selectors":[],"ResponseHeaders":[{"Name":"Accept-Ranges","Value":"bytes"},{"Name":"Cache-Control","Value":"max-age=31536000, immutable"},{"Name":"Content-Encoding","Value":"br"},{"Name":"Content-Length","Value":"684"},{"Name":"Content-Type","Value":"text/css"},{"Name":"ETag","Value":"\"qFvbYLLwtuRN+BLXiG2tHt02a9bu7Dm+8jF1qEgV2Qg=\""},{"Name":"Last-Modified","Value":"Wed, 02 Jul 2025 09:40:12 GMT"},{"Name":"Vary","Value":"Content-Encoding"}],"EndpointProperties":[{"Name":"fingerprint","Value":"qtpdifzc5o"},{"Name":"integrity","Value":"sha256-qFvbYLLwtuRN+BLXiG2tHt02a9bu7Dm+8jF1qEgV2Qg="},{"Name":"label","Value":"style.css.br"}]},{"Route":"style.qtpdifzc5o.css.gz","AssetFile":"style.css.gz","Selectors":[],"ResponseHeaders":[{"Name":"Accept-Ranges","Value":"bytes"},{"Name":"Cache-Control","Value":"max-age=31536000, immutable"},{"Name":"Content-Encoding","Value":"gzip"},{"Name":"Content-Length","Value":"867"},{"Name":"Content-Type","Value":"text/css"},{"Name":"ETag","Value":"\"/2mmvlCEHfZ4VdcrHmhmfWKK9yb0NbcHlr6ApND5KH0=\""},{"Name":"Last-Modified","Value":"Wed, 02 Jul 2025 09:40:10 GMT"},{"Name":"Vary","Value":"Content-Encoding"}],"EndpointProperties":[{"Name":"fingerprint","Value":"qtpdifzc5o"},{"Name":"integrity","Value":"sha256-/2mmvlCEHfZ4VdcrHmhmfWKK9yb0NbcHlr6ApND5KH0="},{"Name":"label","Value":"style.css.gz"}]}]}